size,time,name
11023,sep 26 21:59,sample.md
878,sep 26 21:59,stores.csv
73815,sep 26 21:59,products.csv
650666,sep 26 21:59,customers.csv
3563943,sep 26 21:59,logistics.csv
11200,apr 29 03:53,page_10.html
657141,apr 29 03:53,page_1.html
618277,apr 29 03:53,page_106.html
619166,apr 29 03:53,page_105.html
618501,apr 29 03:53,page_102.html
619001,apr 29 03:53,page_101.html
619072,apr 29 03:53,page_109.html
657324,apr 29 03:53,page_110.html
618399,apr 29 03:53,page_108.html
619005,apr 29 03:53,page_115.html
618734,apr 29 03:53,page_103.html
617886,apr 29 03:53,page_107.html
142399,apr 29 03:53,page_124.html
618591,apr 29 03:53,page_117.html
618551,apr 29 03:53,page_113.html
10214,apr 29 03:53,page_125.html
618825,apr 29 03:53,page_118.html
141862,apr 29 03:53,page_128.html
9887,apr 29 03:53,page_133.html
141717,apr 29 03:53,page_139.html
617632,apr 29 03:53,page_112.html
609804,apr 29 03:53,page_15.html
141718,apr 29 03:53,page_162.html
636254,apr 29 03:53,page_160.html
870519,apr 29 03:53,page_168.html
670015,apr 29 03:53,page_175.html
727969,apr 29 03:53,page_176.html
586258,apr 29 03:53,page_17.html
690485,apr 29 03:53,page_169.html
9689,apr 29 03:53,page_182.html
1048487,apr 29 03:53,page_170.html
141544,apr 29 03:53,page_181.html
700004,apr 29 03:53,page_171.html
803356,apr 29 03:53,page_166.html
1125250,apr 29 03:53,page_172.html
638423,apr 29 03:53,page_19.html
668339,apr 29 03:53,page_191.html
727969,apr 29 03:53,page_186.html
579145,apr 29 03:53,page_196.html
1026077,apr 29 03:53,page_195.html
586122,apr 29 03:53,page_198.html
649445,apr 29 03:53,page_192.html
829389,apr 29 03:53,page_197.html
650719,apr 29 03:53,page_204.html
657729,apr 29 03:53,page_208.html
746501,apr 29 03:53,page_207.html
661679,apr 29 03:53,page_201.html
730352,apr 29 03:53,page_209.html
663875,apr 29 03:53,page_205.html
657578,apr 29 03:53,page_2.html
654391,apr 29 03:53,page_213.html
657328,apr 29 03:53,page_215.html
671152,apr 29 03:53,page_218.html
649521,apr 29 03:53,page_223.html
651766,apr 29 03:53,page_222.html
656521,apr 29 03:53,page_231.html
665269,apr 29 03:53,page_228.html
651189,apr 29 03:53,page_217.html
749679,apr 29 03:53,page_227.html
657086,apr 29 03:53,page_233.html
657815,apr 29 03:53,page_232.html
673644,apr 29 03:53,page_236.html
142491,apr 29 03:53,page_242.html
10268,apr 29 03:53,page_243.html
657860,apr 29 03:53,page_238.html
728539,apr 29 03:53,page_234.html
141499,apr 29 03:53,page_25.html
9971,apr 29 03:53,page_251.html
9656,apr 29 03:53,page_26.html
660518,apr 29 03:53,page_237.html
141700,apr 29 03:53,page_256.html
141658,apr 29 03:53,page_262.html
9755,apr 29 03:53,page_263.html
9746,apr 29 03:53,page_269.html
141643,apr 29 03:53,page_268.html
618230,apr 29 03:53,page_260.html
141733,apr 29 03:53,page_274.html
9812,apr 29 03:53,page_275.html
619008,apr 29 03:53,page_282.html
618435,apr 29 03:53,page_279.html
624170,apr 29 03:53,page_266.html
618246,apr 29 03:53,page_278.html
618487,apr 29 03:53,page_281.html
618532,apr 29 03:53,page_286.html
618788,apr 29 03:53,page_280.html
618457,apr 29 03:53,page_293.html
618271,apr 29 03:53,page_299.html
619410,apr 29 03:53,page_289.html
619544,apr 29 03:53,page_283.html
618182,apr 29 03:53,page_298.html
618006,apr 29 03:53,page_296.html
618024,apr 29 03:53,page_292.html
1131938,apr 29 03:53,page_272.html
619092,apr 29 03:53,page_290.html
618132,apr 29 03:53,page_297.html
618427,apr 29 03:53,page_305.html
618942,apr 29 03:53,page_303.html
619227,apr 29 03:53,page_301.html
623654,apr 29 03:53,page_306.html
620126,apr 29 03:53,page_300.html
619697,apr 29 03:53,page_302.html
623912,apr 29 03:53,page_30.html
618899,apr 29 03:53,page_308.html
618989,apr 29 03:53,page_310.html
608020,apr 29 03:53,page_307.html
617343,apr 29 03:53,page_309.html
618327,apr 29 03:53,page_31.html
618753,apr 29 03:53,page_304.html
618099,apr 29 03:53,page_314.html
618305,apr 29 03:53,page_313.html
617795,apr 29 03:53,page_311.html
618833,apr 29 03:53,page_315.html
618850,apr 29 03:53,page_318.html
618394,apr 29 03:53,page_317.html
619283,apr 29 03:53,page_323.html
618655,apr 29 03:53,page_319.html
619320,apr 29 03:53,page_324.html
618731,apr 29 03:53,page_33.html
618982,apr 29 03:53,page_316.html
618642,apr 29 03:53,page_326.html
618922,apr 29 03:53,page_325.html
618911,apr 29 03:53,page_32.html
619032,apr 29 03:53,page_322.html
617830,apr 29 03:53,page_331.html
618971,apr 29 03:53,page_332.html
618816,apr 29 03:53,page_339.html
618596,apr 29 03:53,page_333.html
618522,apr 29 03:53,page_336.html
618746,apr 29 03:53,page_327.html
618568,apr 29 03:53,page_337.html
624047,apr 29 03:53,page_338.html
618745,apr 29 03:53,page_343.html
618563,apr 29 03:53,page_347.html
618950,apr 29 03:53,page_329.html
618492,apr 29 03:53,page_345.html
624077,apr 29 03:53,page_341.html
617467,apr 29 03:53,page_344.html
623981,apr 29 03:53,page_34.html
624044,apr 29 03:53,page_35.html
623696,apr 29 03:53,page_352.html
618334,apr 29 03:53,page_353.html
618537,apr 29 03:53,page_346.html
618597,apr 29 03:53,page_348.html
618669,apr 29 03:53,page_36.html
618301,apr 29 03:53,page_340.html
617475,apr 29 03:53,page_359.html
623836,apr 29 03:53,page_357.html
624048,apr 29 03:53,page_356.html
618616,apr 29 03:53,page_358.html
618770,apr 29 03:53,page_367.html
618610,apr 29 03:53,page_366.html
618357,apr 29 03:53,page_360.html
617769,apr 29 03:53,page_349.html
624007,apr 29 03:53,page_355.html
618707,apr 29 03:53,page_361.html
617432,apr 29 03:53,page_365.html
623987,apr 29 03:53,page_37.html
618780,apr 29 03:53,page_377.html
619602,apr 29 03:53,page_371.html
619123,apr 29 03:53,page_373.html
618785,apr 29 03:53,page_368.html
618642,apr 29 03:53,page_364.html
618232,apr 29 03:53,page_380.html
619408,apr 29 03:53,page_363.html
618794,apr 29 03:53,page_378.html
618767,apr 29 03:53,page_375.html
618959,apr 29 03:53,page_379.html
618905,apr 29 03:53,page_391.html
618672,apr 29 03:53,page_382.html
618593,apr 29 03:53,page_369.html
618578,apr 29 03:53,page_39.html
618807,apr 29 03:53,page_392.html
623912,apr 29 03:53,page_395.html
618506,apr 29 03:53,page_390.html
618790,apr 29 03:53,page_384.html
618807,apr 29 03:53,page_386.html
618033,apr 29 03:53,page_40.html
1141501,apr 29 03:53,page_396.html
617729,apr 29 03:53,page_389.html
1020128,apr 29 03:53,page_397.html
1144497,apr 29 03:53,page_394.html
768967,apr 29 03:54,page_406.html
1058931,apr 29 03:54,page_404.html
1103360,apr 29 03:53,page_398.html
1017603,apr 29 03:53,page_399.html
1004530,apr 29 03:53,page_401.html
1117099,apr 29 03:54,page_405.html
1176997,apr 29 03:54,page_403.html
1113127,apr 29 03:53,page_400.html
1129558,apr 29 03:54,page_410.html
592551,apr 29 03:54,page_41.html
625773,apr 29 03:54,page_413.html
1098748,apr 29 03:54,page_407.html
1217417,apr 29 03:54,page_414.html
1002576,apr 29 03:54,page_417.html
1306360,apr 29 03:54,page_411.html
624035,apr 29 03:54,page_420.html
817693,apr 29 03:54,page_422.html
1157900,apr 29 03:54,page_421.html
1139217,apr 29 03:54,page_412.html
1106314,apr 29 03:54,page_416.html
1039833,apr 29 03:54,page_419.html
765318,apr 29 03:54,page_424.html
1074101,apr 29 03:54,page_425.html
1092484,apr 29 03:54,page_418.html
1136009,apr 29 03:54,page_423.html
1021568,apr 29 03:54,page_426.html
992423,apr 29 03:54,page_431.html
891083,apr 29 03:54,page_429.html
790194,apr 29 03:54,page_436.html
625257,apr 29 03:54,page_441.html
316104,apr 29 03:54,page_44.html
1110151,apr 29 03:54,page_428.html
793936,apr 29 03:54,page_433.html
1089699,apr 29 03:54,page_437.html
1232001,apr 29 03:54,page_432.html
1151761,apr 29 03:54,page_435.html
1098278,apr 29 03:54,page_438.html
768052,apr 29 03:54,page_447.html
1156757,apr 29 03:54,page_430.html
1109926,apr 29 03:54,page_444.html
961378,apr 29 03:54,page_45.html
1106695,apr 29 03:54,page_442.html
608018,apr 29 03:54,page_448.html
769105,apr 29 03:54,page_450.html
834884,apr 29 03:54,page_445.html
625947,apr 29 03:54,page_454.html
761260,apr 29 03:54,page_452.html
1021521,apr 29 03:54,page_456.html
1124961,apr 29 03:54,page_449.html
362546,apr 29 03:54,page_46.html
1018982,apr 29 03:54,page_458.html
1232717,apr 29 03:54,page_446.html
1157101,apr 29 03:54,page_464.html
1107298,apr 29 03:54,page_462.html
1073939,apr 29 03:54,page_460.html
1057814,apr 29 03:54,page_465.html
626182,apr 29 03:54,page_468.html
1079067,apr 29 03:54,page_473.html
1192699,apr 29 03:54,page_453.html
1148042,apr 29 03:54,page_459.html
1140455,apr 29 03:54,page_457.html
866887,apr 29 03:54,page_472.html
626373,apr 29 03:54,page_475.html
987656,apr 29 03:54,page_463.html
1239988,apr 29 03:54,page_466.html
1015806,apr 29 03:54,page_470.html
1038132,apr 29 03:54,page_479.html
1139873,apr 29 03:54,page_469.html
1034237,apr 29 03:54,page_474.html
776455,apr 29 03:54,page_477.html
1298228,apr 29 03:54,page_467.html
966315,apr 29 03:54,page_5.html
597377,apr 29 03:54,page_48.html
593854,apr 29 03:54,page_51.html
1157314,apr 29 03:54,page_480.html
1134325,apr 29 03:54,page_478.html
1114865,apr 29 03:54,page_476.html
1120586,apr 29 03:54,page_485.html
1107502,apr 29 03:54,page_49.html
612621,apr 29 03:54,page_53.html
1042858,apr 29 03:54,page_52.html
9929,apr 29 03:54,page_61.html
141934,apr 29 03:54,page_60.html
141497,apr 29 03:54,page_64.html
1066419,apr 29 03:54,page_54.html
592378,apr 29 03:54,page_56.html
9644,apr 29 03:54,page_74.html
142060,apr 29 03:54,page_79.html
581436,apr 29 03:54,page_57.html
657321,apr 29 03:54,page_72.html
1050384,apr 29 03:54,page_55.html
141922,apr 29 03:54,page_91.html
657322,apr 29 03:54,page_69.html
9917,apr 29 03:54,page_92.html
9716,apr 29 03:54,page_98.html
645667,apr 29 03:54,page_95.html
619699,apr 29 03:53,page_114.html
141413,apr 29 03:53,page_136.html
9794,apr 29 03:53,page_140.html
619001,apr 29 03:53,page_104.html
657355,apr 29 03:53,page_111.html
618721,apr 29 03:53,page_119.html
9608,apr 29 03:53,page_156.html
657324,apr 29 03:53,page_120.html
9791,apr 29 03:53,page_163.html
618689,apr 29 03:53,page_116.html
670024,apr 29 03:53,page_189.html
669057,apr 29 03:53,page_173.html
650587,apr 29 03:53,page_202.html
759118,apr 29 03:53,page_203.html
579526,apr 29 03:53,page_199.html
656829,apr 29 03:53,page_206.html
657771,apr 29 03:53,page_210.html
649307,apr 29 03:53,page_211.html
651638,apr 29 03:53,page_221.html
649362,apr 29 03:53,page_214.html
695557,apr 29 03:53,page_216.html
1099363,apr 29 03:53,page_159.html
142010,apr 29 03:53,page_246.html
9767,apr 29 03:53,page_257.html
656655,apr 29 03:53,page_224.html
618279,apr 29 03:53,page_254.html
668339,apr 29 03:53,page_239.html
709312,apr 29 03:53,page_230.html
618886,apr 29 03:53,page_284.html
618881,apr 29 03:53,page_291.html
618575,apr 29 03:53,page_295.html
618531,apr 29 03:53,page_288.html
618153,apr 29 03:53,page_294.html
618645,apr 29 03:53,page_285.html
645479,apr 29 03:53,page_3.html
618831,apr 29 03:53,page_287.html
623952,apr 29 03:53,page_334.html
651914,apr 29 03:53,page_220.html
618917,apr 29 03:53,page_320.html
623675,apr 29 03:53,page_312.html
618987,apr 29 03:53,page_330.html
618926,apr 29 03:53,page_342.html
624015,apr 29 03:53,page_350.html
619082,apr 29 03:53,page_328.html
618701,apr 29 03:53,page_321.html
618104,apr 29 03:53,page_354.html
618907,apr 29 03:53,page_376.html
618487,apr 29 03:53,page_362.html
618084,apr 29 03:53,page_374.html
624053,apr 29 03:53,page_335.html
618463,apr 29 03:53,page_370.html
624003,apr 29 03:53,page_351.html
618762,apr 29 03:53,page_387.html
618764,apr 29 03:53,page_381.html
618458,apr 29 03:53,page_383.html
617836,apr 29 03:53,page_38.html
618108,apr 29 03:53,page_385.html
618835,apr 29 03:53,page_372.html
623982,apr 29 03:53,page_402.html
625731,apr 29 03:54,page_434.html
603961,apr 29 03:53,page_4.html
624310,apr 29 03:53,page_388.html
624308,apr 29 03:53,page_393.html
624975,apr 29 03:54,page_427.html
624044,apr 29 03:54,page_409.html
1046562,apr 29 03:54,page_443.html
1005066,apr 29 03:54,page_481.html
626333,apr 29 03:54,page_461.html
737939,apr 29 03:54,page_415.html
9995,apr 29 03:54,page_80.html
626616,apr 29 03:54,page_482.html
312955,apr 29 03:54,page_486.html
970405,apr 29 03:54,page_484.html
141587,apr 29 03:54,page_97.html
577385,apr 29 03:54,page_50.html
1142065,apr 29 03:54,page_471.html
1237062,apr 29 03:54,page_455.html
1183195,apr 29 03:54,page_451.html
1131814,apr 29 03:54,page_483.html
91663,apr 29 03:54,%D0%93%D0%9E%D0%A1%D0%A2%20%D0%A0%20%D0%A0%D0%B5%D0%B4%D0%BA%D0%BE%D0%B7%D0%B5%D0%BC%D0%B5%D0%BB%D1%8C%D0%BD%D1%8B%D0%B5%20%D1%8D%D0%BB%D0%B5%D0%BC%D0%B5%D0%BD%D1%82%D1%8B.%20%D0%A1%D0%BB%D0%BE%D0%B2%D0%B0%D1%80%D1%8C.%2018-04-22.docx
548723,apr 29 03:54,20240306_fin_result_2023.pdf
422558,apr 29 03:54,HEAD%204q2024%20release%20050324.pdf
646739,apr 29 03:54,Paulzovatelskoe_soglashenie_PAOSPB.pdf
197108,apr 29 03:54,Privacy_policy_upd.pdf
726098,apr 29 03:54,mcs2025-rare-earths.pdf
86605,apr 29 03:54,price-list.pdf
139543,apr 29 03:54,subscribe_rules.pdf
377278,apr 29 03:54,rbc.pdf
270068,apr 29 03:54,Terms_of_service_upd.pdf
2963,sep 26 22:01,plan.json
342662,apr 29 03:54,preprint-frn-2023-critical-materials-list.pdf
650666,nov 09 19:41,customers.csv
1109642,sep 26 22:01,company.parquet
116450,apr 29 03:54,pril1_14112652.pdf
73815,nov 09 19:41,products.csv
11023,nov 09 19:41,sample.md
878,nov 09 19:41,stores.csv
1391,mar 23 09:57,servisnaya_zayavka_vyezd_inzhenera.txt
1257,mar 23 09:57,zayavka_na_propusk_v_zhk.txt
1562,mar 23 09:57,doverennost_na_poluchenie_posylki.txt
1750,mar 23 09:57,akt_priema_peredachi_rabochego_mesta.txt
1689,mar 23 09:57,perepiska_email_dostavka_kresla.txt
1386,mar 23 09:57,zayavka_kompensaciya_interneta.txt
2138,mar 23 09:57,soglasie_na_obrabotku_pd.txt
1385,mar 23 09:57,anketa_dms.txt
1372,mar 23 09:57,zayavlenie_dostavka_oborudovaniya_domoi.txt
1542,mar 23 09:57,raspiska_poluchenie_noutbuka.txt
4422864,sep 26 22:01,subscribers.csv
3563943,nov 09 19:41,logistics.csv
169795,apr 29 03:54,VKCT_Soglashenie_ob_informacionnom_vzaimodeistvii.pdf
169466,apr 29 03:54,VK_Soglashenie_ob_informacionnom_vzaimodeistvii.pdf
4265542,sep 26 22:01,client.parquet
616727,apr 29 03:54,FCC-12-9A1.pdf
190831,apr 29 03:54,agreement_reg.pdf
174244,apr 29 03:54,agreement_reg_extra.pdf
909626,apr 29 03:54,capsula_instruction.pdf
48562,apr 29 03:54,ok_history_new.pdf
152579,apr 29 03:54,politika_konfidencialnosti.pdf
4821472,apr 29 03:54,Sport24_Mediakit_2024.pdf
2800670,apr 29 03:54,%D0%92%D1%81%D0%B5%D1%80%D0%BE%D1%81%D1%81%D0%B8%D0%B9%D1%81%D0%BA%D0%B0%D1%8F_%D0%BF%D0%B5%D1%80%D0%B5%D0%BF%D0%B8%D1%81%D1%8C_%D0%B6%D0%B8%D0%B2%D0%BE%D1%82%D0%BD%D1%8B%D1%85.pdf
88983,apr 29 03:54,version-300824.pdf
113186,sep 26 14:33,%D0%90%D0%BD%D0%BD%D0%BE%D1%82%D0%B0%D1%86%D0%B8%D1%8F%20%D0%90%D0%9F%D0%A6%D0%9F%D0%B8%D0%A6%D0%AD.pdf
210217,apr 29 03:54,rules.pdf
117798,sep 26 11:59,%D0%91%D1%83%D1%85%D0%B3%D0%B0%D0%BB%D1%82%D0%B5%D1%80.pdf
1190193,sep 26 14:05,%D0%98%D0%B7%D0%BC%D0%B5%D0%BD%D0%B5%D0%BD%D0%B8%D1%8F%20%D0%B2%20%D0%A3%D1%81%D1%82%D0%B0%D0%B2%20%D0%BE%D1%82%2024%20%D1%81%D0%B5%D0%BD%D1%82%D1%8F%D0%B1%D1%80%D1%8F%202024.pdf
291010,sep 26 12:10,%D0%98%D0%BD%D1%81%D1%82%D1%80%D1%83%D0%BA%D1%86%D0%B8%D1%8F_%D0%9C%D0%A4%D0%A6.pdf
105629,sep 26 14:17,%D0%9E%D0%B1%D1%8A%D0%B5%D0%BA%D1%82%D1%8B_%D0%B2%D0%BE%D1%81%D0%BF%D0%B8%D1%82%D0%B0%D0%BD%D0%B8%D1%8F.pdf
195234,apr 29 03:54,version-090924.pdf
161166,sep 26 14:21,%D0%9F%D0%A4%D0%A5%D0%94%202022%20%20%20%D0%B8%D0%B7%D0%BC%2002%20%D1%81%20%D0%BE%D1%82%D1%82%D0%B8%D1%81%D0%BA%D0%BE%D0%BC.pdf
161027,sep 26 14:21,%D0%9F%D0%A4%D0%A5%D0%94%202022%20%20%20%D0%B8%D0%B7%D0%BC%2001%20%D1%81%20%D0%BE%D1%82%D1%82%D0%B8%D1%81%D0%BA%D0%BE%D0%BC.pdf
161035,sep 26 14:21,%D0%9F%D0%A4%D0%A5%D0%94%202022%20%20%20%D0%B8%D1%81%D1%85%D0%BE%D0%B4%D0%BD%D1%8B%D0%B9%20%D1%81%20%D0%BE%D1%82%D1%82%D0%B8%D1%81%D0%BA%D0%BE%D0%BC.pdf
263615,sep 26 12:12,%D0%9F%D0%BE%D0%BB%D0%BE%D0%B6%D0%B5%D0%BD%D0%B8%D0%B5_2025_%D0%A3%D1%82%D0%B2%D0%B5%D1%80%D0%B6%D0%B4%D0%B5%D0%BD%D0%BE_%D0%9E%D1%80%D0%B3%D0%BA%D0%BE%D0%BC%D0%B8%D1%82%D0%B5%D1%82%D0%BE%D0%BC.pdf
8879363,sep 26 22:01,physical.parquet
191215,sep 26 14:21,%D0%9F%D0%A4%D0%A5%D0%94%202023%20%20%20%D0%B8%D1%81%D1%85%D0%BE%D0%B4%D0%BD%D1%8B%D0%B9%20%D1%81%20%D0%BE%D1%82%D1%82%D0%B8%D1%81%D0%BA%D0%BE%D0%BC.pdf
2115390,apr 29 03:54,capsula_neo_instruction.pdf
1878644,sep 26 10:20,%D0%9F%D1%83%D0%B1%D0%BB%D0%B8%D1%87%D0%BD%D1%8B%D0%B9%20%D0%BE%D1%82%D1%87%D1%91%D1%82%20%D0%A2%D0%9A%20%D0%AE%D0%A4%D0%A3.pdf
688258,sep 26 09:50,%D0%9F112-%D0%9E%D0%94_%D0%9F%D1%80%D0%BE%D0%B3%D1%80%D0%B0%D0%BC%D0%BC%D0%B0%20%D0%B2%D0%BE%D1%81%D0%BF%D0%B8%D1%82%D0%B0%D0%BD%D0%B8%D1%8F.pdf
1294359,sep 26 10:20,%D0%9F%D1%83%D0%B1%D0%BB%D0%B8%D1%87%D0%BD%D1%8B%D0%B9_%D0%BE%D1%82%D1%87%D1%91%D1%82_%D0%A2%D0%9A_%D0%AE%D0%A4%D0%A3_2024.pdf
752019,sep 26 10:20,%D0%A0%D0%90%D0%A1%D0%9F1035-%D1%80%20HR.pdf
1070844,sep 26 10:20,%D0%A0%D0%90%D0%A1%D0%9F211-%D1%80%20%20%D0%B0%D0%BA%D1%82%D1%83%D0%B0%D0%BB%D0%B8%D0%B7%D0%B0%D1%86%D0%B8%D1%8F%20%20%D0%B4%D0%BE%D0%B3%D0%BE%D0%B2%D0%BE%D1%80%D0%BE%D0%B2_0.pdf
493365,sep 26 10:20,%D0%A0%D0%90%D0%A1_127-%D1%80%20%D0%90%D1%81%D1%81%D0%BE%D1%86%D0%B8%D0%B0%D1%86%D0%B8%D1%8F.pdf
603953,sep 26 10:21,%D0%A0%D0%90%D0%A1_142-%D1%80%20(1).pdf
526985,sep 26 10:20,%D0%A0%D0%90%D0%A1_152-%D1%80.pdf
734696,sep 26 10:21,%D0%A0%D0%90%D0%A1_143-%D1%80.pdf
493896,sep 26 10:20,%D0%A0%D0%90%D0%A1_153-%D0%A0.pdf
494991,sep 26 10:20,%D0%A0%D0%90%D0%A1_1532-%D1%80.pdf
498968,sep 26 10:21,%D0%A0%D0%90%D0%A1_1635-%D0%A0%20%D0%98%D1%82%D0%BE%D0%B3%D0%B8%20%D0%B3%D0%BE%D0%B4%D0%B0%20%D0%B2%20%D0%A2%D0%BE%D1%87%D0%BA%D0%B5%20%D0%BA%D0%B8%D0%BF%D0%B5%D0%BD%D0%B8%D1%8F%20%D0%AE%D0%A4%D0%A3.pdf
646347,sep 26 10:20,%D0%A0%D0%90%D0%A1_263-%D1%80%2015.03.pdf
668167,sep 26 10:20,%D0%A0%D0%90%D0%A1_146-%D1%80.pdf
496369,sep 26 10:20,%D0%A0%D0%90%D0%A1_303-%D1%80.pdf
677819,sep 26 10:20,%D0%A0%D0%90%D0%A1_669-%D1%80.pdf
492509,sep 26 10:20,%D0%A0%D0%90%D0%A1_546-%D1%80.pdf
714149,sep 26 10:20,%D0%A0%D0%90%D0%A1_264-%D1%80%20HR%20%D0%BA%D0%BB%D1%83%D0%B1%2014.03.pdf
494424,sep 26 10:20,%D0%A0%D0%90%D0%A1_712-%D1%80%20%D0%BE%D0%B1%D1%89%D0%B5%D0%B5%20%D1%81%D0%BE%D0%B1%D1%80%D0%B0%D0%BD%D0%B8%D0%B5%20%D0%90%D1%81%D1%81%D0%BE%D1%86%D0%B8%D0%B0%D1%86%D0%B8%D0%B8.pdf
678915,sep 26 10:20,%D0%A0%D0%90%D0%A1_766-%D1%80.pdf
705722,sep 26 10:20,%D0%A0%D0%90%D0%A1_715-%D1%80%20HR.pdf
1861324,sep 26 15:54,%D0%9F320-%D0%9E%D0%94_%D0%9F%D1%80%D0%BE%D1%84%D0%BE%D0%B1%D1%83%D1%87%D0%B5%D0%BD%D0%B8%D0%B5_%D0%AE%D0%A4%D0%A3.pdf
583971,sep 26 10:20,%D0%A0%D0%90%D0%A1_988-%D1%80%20%D0%9E%D0%B1%20%D0%BE%D1%80%D0%B3%D0%B0%D0%BD%D0%B8%D0%B7%D0%B0%D1%86%D0%B8%D0%B8%20%D0%B4%D0%B8%D0%B0%D0%B3%D0%BD%D0%BE%D1%81%D1%82%D0%B8%D0%BA%D0%B8%20%D0%A3%D0%9A.pdf
745507,sep 26 10:21,%D0%A0%D0%90%D0%A1_95-%D1%80%20%D0%9F%D1%80%D0%B5%D1%81%D1%82%D0%B8%D0%B6%20%D1%80%D0%B0%D0%B1%D0%BE%D1%82%D0%BE%D0%B4%D0%B0%D1%82%D0%B5%D0%BB%D0%B5%D0%B9.pdf
521281,sep 26 10:20,%D0%A0764.pdf
563794,sep 26 10:20,%D0%A0545_0.pdf
692906,sep 26 10:20,%D0%A0502%20%D0%A4%D1%80%D0%BE%D0%BD%D1%82%D0%B8%D1%80%D1%8B%20%D0%BA%D0%B0%D1%80%D1%8C%D0%B5%D1%80%D1%8B.pdf
45797,sep 26 12:08,%D0%A8%D0%B0%D0%B1%D0%BB%D0%BE%D0%BD-%D0%B7%D0%B0%D1%8F%D0%B2%D0%BB%D0%B5%D0%BD%D0%B8%D1%8F-%D0%BD%D0%B0-%D0%B2%D1%8B%D0%BF%D1%83%D1%81%D0%BA-%D0%BA%D0%B0%D1%80%D1%82%D1%8B.docx
288020,sep 26 09:44,%D0%A2%D0%B5%D1%85%D0%BD%D0%BE%D1%81%D1%84%D0%B5%D1%80%D0%BD%D0%B0%D1%8F-%D0%B1%D0%B5%D0%B7%D0%BE%D0%BF%D0%B0%D1%81%D0%BD%D0%BE%D1%81%D1%82%D1%8C.pdf
22640,sep 26 12:06,%D0%B7%D0%B0%D1%8F%D0%B2%D0%BB%D0%B5%D0%BD%D0%B8%D0%B5%20%D1%80%D0%B5%D0%BA%D1%82%D0%BE%D1%80%D1%83.docx
32410,sep 26 16:20,%D0%B4%D0%BE%D0%B3%D0%BE%D0%B2%D0%BE%D1%80_%D0%B8%D1%8E%D0%BB%D1%8C.docx
21111166,apr 29 03:54,GlobalCriticalMineralsOutlook2024.pdf
22997,sep 26 16:20,%D0%B7%D0%B0%D1%8F%D0%B2%D0%BB%D0%B5%D0%BD%D0%B8%D0%B5.docx
528830,sep 26 11:20,01.04.00.pdf
1003233,sep 26 09:51,%D0%9F1620_%D0%9F%D0%BB%D0%B0%D0%BD%20%D0%92%D0%A0%20%D0%BD%D0%B0%202021-2022%20%D1%83%D1%87.%D0%B3%D0%BE%D0%B4.pdf
974078,apr 29 03:54,%D0%9F%D0%9F_2025_19.01.2025_%D0%B8%D1%82%D0%BE%D0%B31.pdf
701521,sep 26 11:21,02.04.02.pdf
187109,sep 26 11:21,03.04.03.pdf
177801,sep 26 15:48,030303_B_3_31082020.pdf
178493,sep 26 15:49,050304_B_3_31082020.pdf
169928,sep 26 15:49,050301_B_3_23082020.pdf
1318947,sep 26 11:21,06.04.01.pdf
187987,sep 26 15:49,050302_B_3_23082020.pdf
922050,sep 26 09:41,%D0%A0%D0%9F%D0%94%20%D0%B8%20%D0%9A%D0%9F%2015.02.10%20(2).pdf
1174855,sep 26 11:21,07.04.02.pdf
1446719,sep 26 11:21,06.04.02.pdf
248149,sep 26 11:24,1.2.1.pdf
259370,sep 26 11:24,1.2.2.pdf
449574,sep 26 11:24,1.3.pdf
15378,sep 26 11:24,100_asp.docx
1459401,sep 26 09:56,06_gorgorova.pdf
749573,sep 26 11:21,11.04.02.pdf
598875,sep 26 11:21,11.04.01.pdf
683852,sep 26 11:24,1.5.pdf
922772,sep 26 11:24,1.4.pdf
808501,sep 26 11:22,15.04.04.pdf
1231850,sep 26 12:31,18n.pdf
527605,sep 26 12:31,19n.pdf
1562074,sep 26 15:02,17437679069420.pdf
710688,sep 26 11:25,2.3.1_t.pdf
618792,sep 26 11:25,2.2.16.pdf
694604,sep 26 11:25,2.3.5.pdf
15137,sep 26 16:27,200_bak_Urmosh.docx
687941,sep 26 11:25,2.5.4.pdf
456641,sep 26 15:00,2.4_reg_comisia_etica_r2.pdf
606840,sep 26 08:34,2025-_.pdf
20952,sep 26 12:10,24.11.2020 - форма заявления на участие в конкурсе.docx
501123,sep 26 11:22,27.04.06.pdf
30276916,sep 26 12:07,%20%D1%81%D0%BE%D0%B3%D0%BB%D0%B0%D1%88%D0%B5%D0%BD%D0%B8%D0%B5.pdf
376369,sep 26 11:22,28.04.01_r.pdf
467788,sep 26 11:22,37.04.02.pdf
361779,sep 26 11:22,38.04.02.pdf
428974,sep 26 11:22,38.04.01.pdf
1727537,sep 26 13:53,3 сентября EduNet.pdf
726637,sep 26 11:22,37.04.01.pdf
1323073,sep 26 11:25,4.3.5.pdf
374619,sep 26 11:22,39.04.02.pdf
406970,sep 26 11:23,41.04.05.pdf
837453,sep 26 11:23,40_04_01_program_mag_2025.pdf
504302,sep 26 11:23,41.04.05_International_Communication.pdf
151070,sep 26 09:56,42.pdf
1101018,apr 29 03:54,2025Правила%20приёма%202025.26.pdf
1031945,sep 26 11:23,44.04.01_issled.pdf
842461,sep 26 11:23,44.04.01_soc_ped.pdf
332082,sep 26 11:23,44.04.01_sov_obr.pdf
984882,sep 26 11:23,44.04.01_inkl.pdf
305942,sep 26 11:23,44.04.01_ph_obr.pdf
661031,sep 26 11:24,44.04.04.pdf
88849,sep 26 14:56,47.pdf
475118,sep 26 11:24,45.04.01_komm.pdf
303365,sep 26 11:23,44_04_02_obr_sred.pdf
417958,sep 26 11:24,47.04.01.pdf
336202,sep 26 11:24,46.04.01.pdf
656430,sep 26 11:24,45.04.01_tpimk.pdf
371423,sep 26 11:25,5.1.3.pdf
730454,sep 26 11:24,45.04.01_International_Communication.pdf
921199,sep 26 11:25,5.2.4.pdf
557851,sep 26 11:25,5.2.1.pdf
389436,sep 26 11:25,5.2.6.pdf
913940,sep 26 11:25,5.2.5.pdf
261620,sep 26 11:25,5.7.1.pdf
886280,sep 26 11:25,5.3.5.pdf
554876,sep 26 11:25,5.5.1.pdf
493791,sep 26 11:25,5.5.2.pdf
683235,sep 26 11:25,5.8.3.pdf
629756,sep 26 11:26,5.9.8.pdf
657985,sep 26 11:25,5.8.7.pdf
684152,sep 26 11:24,54.04.01.pdf
598811,sep 26 10:27,5487d8240beaf469a1a10ee370749263.pdf
10374455,sep 26 14:59,522.pdf
2433900,sep 26 14:56,6.pdf
14726,sep 26 13:37,APS.docx
559619,sep 26 10:27,6b588aa921ec0008657cb728cfce508d.pdf
19550773,sep 26 15:01,83124a_7c666ad59fdd470f83e349daad57df65.pdf
88849,sep 26 14:56,Anant-Ram-UGC.pdf
261067,sep 26 12:52,Aula%20Hispanica_plano_rus_2016-po-mayo.pdf
197792,sep 26 12:52,Aula_Hispánica_osen_2019_rus.pdf
276551,sep 26 12:52,Aula_Hispanica_plano_rus_2014-2015.pdf
97351,sep 26 14:39,Building_innovation_Vitoshko.pdf
1852816,apr 29 03:54,5-05-20_US-59_27.12.2024.pdf
1370794,sep 26 12:49,4b708f12-9518-45cd-bac0-7b3ae2b4e78e.pdf
72131,sep 26 14:33,Business%20in%20Tourism%20and%20Hospitality.pdf
2101837,sep 26 14:55,BBA_Brochure_2025.pdf
915724,sep 26 12:09,5fqhsxirzo8b3s7xsukssg8sbsz05b38.pdf
332056,sep 26 15:00,CartaCercetatoruluiCodul-de-Conduita.pdf
10120422,sep 26 15:00,Cod_etica_2023.pdf
124391,sep 26 14:32,Course%20Syllabus%20(Vocational%20Training%20Technologies).pdf
126823,sep 26 14:32,Course%20syllabus%20(Model-analytical%20and%20Strategic%20Research%20Methods).pdf
133539,sep 26 14:32,Course%20syllabus%20ASPT%20methods.pdf
2016192,sep 26 15:01,Catalogue_of_UNG_Equipment_and_Expertise_for_External_users.pdf
136461,sep 26 14:33,Course%20syllabus%20MODERN%20NUMERICAL%20METHODS%20IN%20MATHEMATICAL%20MODELING.pdf
134642,sep 26 14:33,Course%20syllabus%20Mathematical%20models%20in%20biology.pdf
110145,sep 26 14:33,Course%20syllabus%20sample%20(INTERNATIONAL%20STANDARDS%20FOR%20INTELLECTUAL%20-%20%D0%90%D1%80%D0%B7%D1%83%D0%BC%D0%B0%D0%BD%D1%8F%D0%BD)%20%E2%80%94%20%D0%BA%D0%BE%D0%BF%D0%B8%D1%8F.pdf
57685,sep 26 14:32,Course%20syllabus%20sample_Environmental%20problems%20and%20environmental%20pollution.pdf
103428,sep 26 14:32,Course%20syllabus%20sample_Key%20Concepts%20in%20Urban%20and%20Cultural%20Studies.pdf
129668,sep 26 14:33,Course%20syllabus%20sample%20(International%20standards%20for%20legal%20-%20%D0%90%D1%80%D0%B7%D1%83%D0%BC%D0%B0%D0%BD%D1%8F%D0%BD).pdf
54623,sep 26 14:32,Course%20syllabus%20sample_Scientific%20research%20design%20of%20urban%20environment.pdf
54334,sep 26 14:32,Course%20syllabus%20sample_Territory%20branding.pdf
107022,sep 26 14:32,Course%20syllabus%20sample_Urban%20design%20project%204.%20Renovation%20of%20the%20urban%20environment.pdf
127920,sep 26 14:33,Course%20syllabus_Culture%20and%20Philosophy%20of%20Ancient%20Greece%20in%20Russian%20studies%20of%20Classics_2022.pdf
74204,sep 26 14:33,Course%20syllabus_Methodology%20of%20Social%20Sciences%20and%20Humanities_2022.pdf
138654,sep 26 14:33,Course%20syllabus_Logical%20Argumentation%20and%20Critical%20Thinking_2022.pdf
130346,sep 26 14:33,Course%20syllabus_Semiotic%20Studies%20in%20Russia%20and%20Development%20of%20the%20Humanities%20in%20Europe_2022.pdf
139648,sep 26 14:33,Course%20syllabus_Nedin.pdf
73246,sep 26 14:33,Course%20syllabus_Soviet%20Science%20and%20Science%20in%20Modern%20Russia_2022.pdf
72297,sep 26 14:33,Cutting-edge%20management%20in%20hotels%20and%20hospitality%20enterprises.pdf
1748576,sep 26 15:00,Carta_ASEM.pdf
4116156,sep 26 14:49,CVDrKased.pdf
332702,sep 26 14:54,DSU_Research_Ethics_Policy_2021.pdf
775086,sep 26 14:55,DSU_City_innovation_Campus_Programs_2025.pdf
456409,sep 26 08:34,Der.pdf
4308267,sep 26 11:48,Donnews-Mediakit.pdf
521855,sep 26 11:23,Ecosystems.pdf
7781668,sep 26 14:54,DSUStakeholdersFeedbackATR.pdf
773312,sep 26 11:23,FK_sport.pdf
54219,sep 26 14:33,Fundamentals%20of%20Tourism.pdf
3115481,sep 26 12:55,Folleto_cursos_ruso1.pdf
6391245,sep 26 14:54,DSUFeedbackAnalysisReport.pdf
763168,sep 26 15:02,Freedom%20of%20Speech%20and%20Academic%20Freedom%20Code%20of%20Practice%20-%20v3.4.pdf
24152,sep 26 12:52,Horario_Aula_Hispánica_marzo-junio-2021.docx
778385,sep 26 12:55,How_to_get_enrolled_2025.pdf
471623,sep 26 15:00,Ghidul_Studentului_2023.pdf
513160,sep 26 14:54,IDP.pdf
133894,sep 26 14:33,International%20transport%20law.pdf
3798310,sep 26 14:51,E_brochure_08022024.pdf
55533,sep 26 14:33,Life%20safety.pdf
357713,sep 26 16:28,KCP_bs_2025.pdf
331690,sep 26 16:28,KCP_mag_2025.pdf
138075,sep 26 14:33,Management%20advances%20in%20hospitality.pdf
513215,sep 26 10:28,KD_013.pdf
101676,sep 26 14:39,Modern Microscopy.pdf
133856,sep 26 14:33,Modern%20technology%20for%20improving%20the%20productivity%20of%20regional%20studies%20communications.pdf
78605,sep 26 14:39,Molecular_spectrostroscopy.pdf
173478,sep 26 12:51,Otchet_2011.pdf
306274,sep 26 12:51,Otchet_2012.pdf
454846,sep 26 14:54,Ombadsuperson.pdf
77222,sep 26 14:33,Ovsepyan%20Course%20syllabus.pdf
467359,sep 26 12:51,Otchet_2014_rus.pdf
722799,sep 26 12:51,Otchet_mezhdunarodnaya_deyatelnost_2016.pdf
3739471,sep 26 14:54,AICTE_Mandatory_Disclosure_2024_25.pdf
24512390,sep 26 12:06,BRADBOOK%202013-V13.pdf
476182,sep 26 14:05,P248_2022.pdf
209927,sep 26 13:52,Perechen_poruchenii.pdf
268038,sep 26 11:46,Politika-PDN.pdf
361636,sep 26 12:51,Planes2015_rus.pdf
250506,sep 26 12:31,Postanovlenie Pravitelstva N 568.pdf
19804937,sep 26 12:32,PROGRAMMA%20FESTIVAL.pdf
3360267,sep 26 14:55,MSC_DS_2025.pdf
589738,apr 29 03:54,Pravila_priema_2025_na_sait.pdf
495816,apr 29 03:54,Pravila_priema_bac_spec_2025.pdf
1410951,apr 29 03:54,PP%20BSM%202025.pdf
315896,sep 26 12:31,Prikaz П1421.pdf
74127,sep 26 14:33,Prof.communication.pdf
533892,sep 26 16:23,Prioritet_itogi.pdf
764408,apr 29 03:54,Pravila_priema_2025_v_SGUGiT_Bakalavriat_Specialitet.pdf
393210,sep 26 14:21,Prot1_17.10.2024.pdf
216450,sep 26 14:21,Prot2_20.02.2025.pdf
195954,sep 26 14:21,Prot3_11.03.2025.pdf
375244,sep 26 14:21,Prot4_17.07.2025.pdf
458992,sep 26 12:54,Prog_stud_conf_Dec_es_2024_rus.pdf
188966,sep 26 13:52,Protokol_20.pdf
121192,sep 26 14:56,Public Self Disclosure.pdf
308924,sep 26 13:52,Protokol_6_06.09.2023.pdf
120270,sep 26 14:54,QC3.pdf
1661239,sep 26 12:31,Prikaz 601.pdf
556125,sep 26 13:52,Protokol_prez_N2.pdf
427192,sep 26 11:23,STEM.pdf
415371,sep 26 11:24,Russian_Cultural_Studies.pdf
1307438,sep 26 16:13,SFedU_.pdf
158985,sep 26 16:27,Spisok_indiv_dostig.pdf
749113,sep 26 11:24,Sootv_asp_2025.pdf
17562188,sep 26 13:37,SciFinder%20Discovery%20Platform.pdf
121796,sep 26 14:23,Sred_ZPL_Adm_2016.pdf
319294,sep 26 15:12,Structure_20190114.pdf
3479448,sep 26 14:55,SoE_Brochure_2025.pdf
279808,sep 26 12:53,Tesis_kruglii_stol_1.pdf
122032,sep 26 14:39,The_SRC.pdf
132571,sep 26 14:33,Theory%20and%20methodology%20of%20research%20and%20teaching%20in%20hospitality%20industry.pdf
125499,sep 26 14:33,Tourism%20development.pdf
293846,sep 26 12:53,Thesis_kruglii_stol.pdf
137925,sep 26 14:57,UGC-Public-Self-Disclosure-document.pdf
1276706,sep 26 16:27,RSOCH_2025.pdf
1176682,sep 26 11:21,Urban_Design.pdf
1322502,sep 26 14:54,Public_Self_Disclosure_DSU.pdf
213518,sep 26 12:53,Vistavka_rus-iaz.pdf
255755,sep 26 12:55,Vtoroe_informatcionnoe_pis`mo_Kongress_2025.pdf
2478675,sep 26 09:43,accreditation.pdf
212162,sep 26 09:51,Spisok_citiruemosti_NII_Phys.docx
898041,sep 26 15:15,arh_komp.pdf
377738,sep 26 16:27,VSOCH_2025.pdf
993862,sep 26 11:29,bak_lk_2025.pdf
275697,sep 26 14:54,UGC-Proforma.pdf
482298,sep 26 15:15,cher.pdf
1436982,sep 26 15:41,bio.pdf
616410,sep 26 11:38,confl25.pdf
1459204,sep 26 15:47,bio_ino.pdf
85292,sep 26 12:56,do-market-commentary-global-disclosure.pdf
293788,sep 26 14:54,dsu-symposium-2024.pdf
381429,sep 26 12:09,contests.pdf
308318,sep 26 11:21,eko_mon.pdf
273125,sep 26 11:21,ergo.pdf
368715,sep 26 11:21,eko_str.pdf
305228,sep 26 15:39,geolog.pdf
312919,sep 26 15:14,gidrolog.pdf
653987,sep 26 12:09,cpgz2j07avd690b8sv0s21rxpuypsq9t.pdf
462472,sep 26 12:09,edvr4ufwv5zh72zrpiplz60e2rtwethf.pdf
421973,sep 26 15:42,gl_VI_P120-OD_reglament_PK.pdf
8063610,sep 26 16:26,Otchet%202016.pdf
584511,sep 26 15:33,graf.pdf
503723,sep 26 15:39,himiya.pdf
528582,sep 26 16:24,f985xk95uk352rnl7d2guv812ndifv14.pdf
287762,sep 26 14:01,incidents.json
504163,sep 26 15:47,himiya_ino.pdf
1150291,sep 26 15:37,hud_of.pdf
426206,sep 26 16:28,ingak_description.pdf
628236,sep 26 15:41,informatika.pdf
2816700,sep 26 14:58,goslicense.pdf
41092,sep 26 14:25,ipa2014%20(1).docx
563900,sep 26 16:24,gk6wsflsno7xkvnynehy33ugy7n098ue.pdf
291739,sep 26 15:27,ist_soc_rab.pdf
83916,sep 26 10:28,izveshenie_013.pdf
520724,sep 26 15:42,gl_V_exam_P120-OD_reglament_PK.pdf
497276,sep 26 11:23,izo.pdf
265929,sep 26 11:21,it_resh.pdf
88054,sep 26 10:28,izveshenie_014.pdf
1606586,sep 26 15:39,komp_teh.pdf
407878,sep 26 16:27,kol_vo_mag.pdf
498370,sep 26 15:47,matematika_ino.pdf
757432,sep 26 15:41,matematika.pdf
288269,sep 26 11:21,mash_ob.pdf
340103,sep 26 11:21,mat_mod.pdf
1062112,sep 26 15:32,metod_prof.pdf
267307,sep 26 11:21,obrab_inf.pdf
531011,sep 26 15:21,obsh_e.pdf
475490,sep 26 15:41,obsh.pdf
828450,sep 26 15:34,osn_hud_d.pdf
390524,sep 26 15:32,osn_geo_obr.pdf
498109,sep 26 15:34,osn_mat_obr.pdf
434678,sep 26 15:27,osn_soc_rab.pdf
106823,sep 26 09:34,osob_prava.pdf
246378,sep 26 16:27,otbor_k.pdf
189474,sep 26 16:28,pamyatka.pdf
983227,sep 26 15:34,pedagogika.pdf
760694,sep 26 15:33,ped_nach.pdf
3704541,sep 26 09:57,mc201109.pdf
216322,sep 26 14:21,pfhd_2023_01.pdf
2531544,sep 26 14:55,mpharma_2025.pdf
216464,sep 26 14:21,pfhd_2023_02.pdf
216322,sep 26 14:21,pfhd_2024_02.pdf
198370,sep 26 15:40,ph.pdf
211104,sep 26 15:43,ph_ino.pdf
215672,sep 26 14:21,pfhd_2025.pdf
216162,sep 26 14:21,pfhd_2025_01.pdf
108414,sep 26 14:33,physical%20Culture%20and%20sport.pdf
216272,sep 26 14:21,pfhd_2025_02.pdf
7642457,sep 26 11:48,03-5-01-005.pdf
566092,sep 26 14:42,polozhenie-po-okazaniyu-situaczionnoj-pomoshhi-invalidam.pdf
844578,sep 26 14:25,poryadok asp 1259.docx
237371,sep 26 14:04,polozhenie_econom.pdf
5677731,sep 26 13:52,pr10_15092012.pdf
388241,sep 26 09:47,posih.pdf
29257272,sep 26 15:00,lodz-university-of-technology-on-the-path-of-sustainable-development_0.pdf
1394351,sep 26 12:31,prikaz_N_1022_ot_21.11.2018_.pdf
2564930,sep 26 12:31,prikaz_N_675_ot_30.08.2018_.pdf
293335,sep 26 11:21,prikl_mat.pdf
143239,sep 26 13:52,protokol_25.pdf
395782,sep 26 12:03,program.pdf
752930,sep 26 15:31,psih_obr.pdf
2348790,sep 26 14:55,pharm_d_2025.pdf
184930,sep 26 12:30,rasp167H_20130426.pdf
125912,sep 26 15:42,rasp_dop_mag.pdf
388554,sep 26 13:52,rasp_prezRF.pdf
247043,sep 26 12:30,rasp1426-p_20140814.pdf
167029,sep 26 14:03,rp23-11-2006-N1616-p.pdf
742433,sep 26 15:43,ris_cher.pdf
905628,apr 29 03:54,pravila_priema_v_bakalavriat_spetsialitet_bazov_vo_magistraturu_spets_vo_na_2025-26.pdf
523280,sep 26 12:30,rasp2190-p_20121126.pdf
679001,sep 26 15:32,spec_ped.pdf
590791,sep 26 12:30,rasp722-p_20140430.pdf
204354,sep 26 14:23,sred_zp_adm_2017.pdf
562819,sep 26 15:46,sport_podg_ino.pdf
15185,sep 26 14:22,sved_o_d_f_m_2014.docx
27257,sep 26 14:22,sved_o_d_f_g_2014.docx
13072,sep 26 14:23,sved_o_d_f_u_2014.docx
17248,sep 26 14:22,sved_o_d_r_2012-2014.docx
1767192,apr 29 03:54,rules_01_2025.pdf
336531,sep 26 15:39,stranoved.pdf
479552,sep 26 11:21,tehn_int_d.pdf
294151,sep 26 11:21,tehn_int.pdf
208869,sep 26 13:37,teacher_instruction_new.pdf
142286,sep 26 12:30,ukaz597_20120507.pdf
707864,sep 26 15:36,sport_sover.pdf
330875,sep 26 11:22,upr_izm.pdf
2735325,sep 26 12:02,report_07112022.pdf
279288,sep 26 11:21,umn_gor.pdf
3835652,sep 26 09:57,mc201308.pdf
17590,sep 26 16:26,vesna_fizfak.docx
253752,sep 26 13:37,user_registration_in_EBS_Lan.docx
109603,sep 26 09:34,vsp_isp_ogran_zdorov.pdf
347730,sep 26 11:22,upr_pr.pdf
20911,sep 26 12:56,zayavlenie_kursi_2019.docx
239853,sep 26 11:21,web_razr.pdf
245024,sep 26 11:21,upr_proc.pdf
761430,sep 26 15:31,vozr_psih.pdf
74895,sep 26 15:11,Выписка из реестра ГА 06.05.01 06.05.02.pdf
61626,sep 26 09:34,Анкета.docx
717353,sep 26 15:41,zhiv.pdf
13934,sep 26 09:34,Заявление.docx
25601,sep 26 09:34,Договор.docx
868452,sep 26 11:23,teor_osn.pdf
207214,sep 26 12:15,Лицей ЮФУ_ВД_расписание_2024-2025.pdf
52127,sep 26 14:25,Индивидуальный план работы аспиранта для набора 2022 г. (5).docx
329813,sep 26 12:14,ВыпискаТемы-ВКР-ИНоЗ_2025-выпуска.pdf
296958,sep 26 14:07,Информация о результатах приема 2024.pdf
399991,sep 26 12:15,Лицей ЮФУ_ПОЛОЖЕНИЕ о ВД.pdf
495386,sep 26 14:18,П1352 О стоимости в 2022_23гг 2х и последующих курсов.pdf
546705,sep 26 16:20,П122-ОД_изменения в ОС_28.04.2023.pdf
982741,sep 26 14:17,П1149_21.05.2025.pdf
591202,sep 26 16:20,П156-ОД.pdf
450416,sep 26 14:25,П216-ОД.pdf
395762,sep 26 14:25,П245-ОД Регламент проведения выборов заведующего кафедрой.pdf
1676119,sep 26 14:25,П247.pdf
388241,sep 26 14:04,П47-ОД_10.03.2023.pdf
15971,sep 26 09:34,Перечень документов.docx
428702,sep 26 16:19,П72-ОД_37.05.01_Клиническая психология.pdf
55742,sep 26 16:13,План создания МИП.pdf
379487,sep 26 16:19,П73-ОД_37.05.02_Психология служ деят.pdf
17264,sep 26 09:34,Порядок проведения.docx
94986,sep 26 13:52,Программа VIII  научного семинара Лаборатории экспериментальной лингвистики АГУ  Клиническая лингвистика.docx
274597,sep 26 16:20,Приказ ЮФУ от 07.02.2022  N 24-ОД.pdf
638921,sep 26 16:19,Приказ ЮФУ от 04.06.2021 N 115-ОД.pdf
120352,sep 26 15:56,"Приказ ФСТЭК России от 03_05.2023 N 74  Об утверждении требований оформлению заявления о предоставлении лицензии, разрешения.docx"
919294,sep 26 09:34,Р688.pdf
490307,sep 26 08:34,Ранжированные списки (по итогам апелляций).pdf
3289536,sep 26 14:25,Регламент 10-ОД.pdf
77836,sep 26 15:11,Реестровая выписка_29.05.29025.pdf
190356506,sep 26 13:36,wpm5skhpgcr5ncwf6dwz92dutt9ucc13.pdf
63027970,sep 26 13:54,Реестр экскурсоводов 2024_ 02.12.2024.pdf
25329086,sep 26 14:58,РУКОВОДСТВО_ПО_БРЕНДИНГУ_2025.pdf
138316,sep 26 15:11,Реестровая выписка л_22.08.25.pdf
14572,sep 26 09:34,Согласие участника конкурса.docx
320040,sep 26 08:34,коммерческое%20предложение.pdf
159930,sep 26 14:39,сайт_Наука_Микросистемная техника и интегральная сенсорика.pdf
118848,sep 26 11:59,%D0%92%D0%B5%D0%B4%D1%83%D1%89%D0%B8%D0%B9%20%D0%B1%D1%83%D1%85%D0%B3%D0%B0%D0%BB%D1%82%D0%B5%D1%80%20(%D1%83%D1%87%D0%B0%D1%81%D1%82%D0%BE%D0%BA%20%D0%9D%D0%94%D0%A1).pdf
282320,sep 26 11:48,%D0%94%D0%BB%D1%8F%20%D1%81%D0%B0%D0%B9%D1%82%D0%B0%20%D0%A1%D1%80%D0%B5%D0%B4%D0%BD%D0%B8%D0%B9%20%D0%B1%D0%B0%D0%BB%D0%BB%20%D0%B8%20%D0%95%D0%93%D0%AD%202021_22.pdf
139142,sep 26 12:03,%D0%9C%D0%B5%D1%80%D0%BE%D0%BF%D1%80%D0%B8%D1%8F%D1%82%D0%B8%D1%8F_%D0%9D%D0%90%D0%9C_%D0%B2%D0%B5%D1%81%D0%BD%D0%B0_2022.pdf
519956,sep 26 15:56,%D0%90%D1%80%D1%82%D0%B5%D0%BC%20%D0%A8%D0%B0%D0%B4%D1%80%D0%B8%D0%BD.pdf
14742,sep 26 16:13,%D0%9E%D1%82%D1%87%D0%B5%D1%82%20%D0%BE%20%D0%BA%D0%BE%D0%BC%D0%B0%D0%BD%D0%B4%D0%B8%D1%80%D0%BE%D0%B2%D0%BA%D0%B5.docx
234722,sep 26 10:20,%D0%9F%D0%90%D0%9C%D0%AF%D0%A2%D0%9A%D0%90%20%D0%B4%D0%BB%D1%8F%20%D0%BF%D1%80%D0%B8%D0%B5%D0%B7%D0%B6%D0%B0%D1%8E%D1%89%D0%B8%D1%85%202025.pdf
1097449,sep 26 14:49,السيرة الذاتية د. صبحي شرف عميد الكلية 13-3 - Copy.pdf
524682,sep 26 10:20,%D0%9F%D0%A3%D0%91%D0%9B%D0%98%D0%A7%D0%9D%D0%AB%D0%99%20%D0%9E%D0%A2%D0%A7%D0%81%D0%A2%20%D0%A2%D0%9A%20%D0%AE%D0%A4%D0%A3%202020_0.pdf
977082,apr 29 03:54,ПП_2025_19.01.2025_итог.pdf
511872,sep 26 15:54,%D0%9F15_%D0%9C%D0%A3%D0%90%D0%9C_%D0%A6%D0%9A.pdf
512893,sep 26 09:50,%D0%9F1631_%D0%9E%D0%9F%20%D0%B8%20%D0%BF%D1%80%D0%BE%D0%B3%D1%80%D0%B0%D0%BC%D0%BC%D0%B0%20%D0%B2%D0%BE%D1%81%D0%BF%D0%B8%D1%82%D0%B0%D0%BD%D0%B8%D1%8F.pdf
537439,sep 26 12:02,%D0%9F%D0%A0%D0%9E%D0%93%D0%A0%D0%90%D0%9C%D0%9C%D0%90%20%D0%9C%D0%9D%D0%9F%D0%9A%20.pdf
1105236,sep 26 10:20,%D0%9F%D1%83%D0%B1%D0%BB%D0%B8%D1%87%D0%BD%D1%8B%D0%B9%20%D0%BE%D1%82%D1%87%D1%91%D1%82%202023.pdf
896735,sep 26 10:21,%D0%A0%D0%90%D0%A1_128-%D0%A0%20%D0%97%D0%B0%D0%BA%D1%80%D1%8B%D1%82%D0%B8%D0%B5%20%D0%A8%D0%9C%D0%91%203.0.pdf
430840,sep 26 16:18,%D0%9F336-%D0%9E%D0%94_05.12.2022_%20%D0%A1%D1%82%D0%B0%D0%BD%D0%B4%D0%B0%D1%80%D1%82%20%D0%AE%D0%A4%D0%A3_10.05.04.pdf
529850,sep 26 10:20,%D0%A0%D0%90%D0%A1_1338-%D0%A0%20%D0%9A%D1%80%20%D1%81%D1%82%D0%BE%D0%BB%20%D0%94%D0%9D%D0%9A.pdf
617736,sep 26 10:20,%D0%A0%D0%90%D0%A1%D0%9F1429-%D1%80%20%D0%BC%D0%B5%D1%80%D0%BE%D0%BF%D1%80%D0%B8%D1%8F%D1%82%D0%B8%D1%8F%20%D0%A6%D0%B5%D0%BD%D1%82%D1%80%D0%B0%20%D0%BA%D0%BE%D0%BC%D0%BF%D0%B5%D1%82%D0%B5%D0%BD%D1%86%D0%B8%D0%B9.pdf
2005362,sep 26 10:20,%D0%9F%D1%83%D0%B1%D0%BB%D0%B8%D1%87%D0%BD%D1%8B%D0%B9%20%D0%BE%D1%82%D1%87%D1%91%D1%82%202021.pdf
521525,sep 26 10:20,%D0%A0384.pdf
548387,sep 26 10:20,%D0%A0%D0%90%D0%A1_419-%D1%80%20%D0%B4%D0%B5%D0%BD%D1%8C%20%D0%B2%D1%8B%D0%BF%D1%83%D1%81%D0%BA%D0%BD%D0%B8%D0%BA%D0%B0.pdf
570853,sep 26 10:20,%D0%A0613%20%D0%BF%D0%B0%D1%81%D0%BF%D0%BE%D1%80%D1%82%D0%B0%20%D0%BA%D0%BE%D0%BC%D0%BF%D0%B5%D1%82%D0%B5%D0%BD%D1%86%D0%B8%D0%B9.pdf
515421,sep 26 10:20,%D0%A0953.pdf
896857,sep 26 10:20,%D0%A0386.%20%D0%A7%D0%B5%D0%BB%D0%BE%D0%B2%D0%B5%D0%BA%20%D0%B2%20%D0%BC%D0%B8%D1%80%D0%B5%20%D0%98%D0%98.pdf
322840,sep 26 11:21,01.04.02.pdf
147924,sep 26 11:21,03.04.02.pdf
1096655,sep 26 10:20,03.05.2024%20%20%D0%A0%D0%90%D0%A1_438-%D1%80-1_%205-%D0%BB%D0%B5%D1%82%D0%B8%D0%B5%20%D0%A2%D0%BE%D1%87%D0%BA%D0%B8%20%D0%BA%D0%B8%D0%BF%D0%B5%D0%BD%D0%B8%D1%8F%20%D0%AE%D0%A4%D0%A3.pdf
1481934,sep 26 13:37,%D0%A0%D0%B0%D0%B7%D0%BC%D0%B5%D1%89%D0%B5%D0%BD%D0%B8%D0%B5%20%D1%80%D0%B5%D1%81%D1%83%D1%80%D1%81%D0%BE%D0%B2%20%D0%B2%20%D0%97%D0%9D%D0%91%20%D0%AE%D0%A4%D0%A3%20(%D0%B0%20%D1%82%D0%B0%D0%BA%D0%B6%D0%B5%20%D0%B2%20%D0%A0%D0%98%D0%9D%D0%A6).pdf
857851,sep 26 11:21,02.04.02_rob.pdf
457282,sep 26 11:21,04.04.01.pdf
174260,sep 26 15:48,030302_B_3_31082020.pdf
1322926,sep 26 11:21,07.04.01.pdf
835743,sep 26 11:21,07.04.03.pdf
181621,sep 26 15:49,060302_B_3_23082020.pdf
503399,sep 26 11:24,1.2.2_mat_mod.pdf
768803,sep 26 11:24,1.1.pdf
724590,sep 26 11:24,1.2.2_r.pdf
18135,sep 26 16:27,100_bak.docx
15067,sep 26 16:27,100_bak_Urmosh.docx
246799,sep 26 11:24,1.6.pdf
751720,sep 26 12:55,105_order_Spanish_courses.pdf
693127,sep 26 10:20,11.07.2023%20%20%D0%9F229-%D0%9E%D0%94%20%D0%9F%D0%BE%D0%BB%D0%BE%D0%B6%D0%B5%D0%BD%D0%B8%D0%B5%20%D0%BE%20%D1%82%D0%BE%D1%87%D0%BA%D0%B5%20%D0%BA%D0%B8%D0%BF%D0%B5%D0%BD%D0%B8%D1%8F.pdf
478324,sep 26 11:22,12.04.01_r.pdf
679355,sep 26 11:22,12.04.01_t.pdf
177054,sep 26 15:51,110401_М_3_17062021.pdf
747940,sep 26 11:22,15.04.06.pdf
791793,sep 26 11:24,2.2.13.pdf
1746998,sep 26 09:56,142_152_Gorgorova.pdf
716255,sep 26 11:25,2.3.4.pdf
699672,sep 26 11:24,2.2.14.pdf
223966,sep 26 11:25,2.3.1.pdf
245003,sep 26 11:25,2.3.6.pdf
457309,sep 26 11:24,2.1.pdf
232777,sep 26 09:56,17_av1-202252.pdf
237273,sep 26 11:25,2.3.7.pdf
242547,sep 26 11:25,2.3.8.pdf
714917,sep 26 11:25,2.5.13.pdf
332269,sep 26 08:34,2025.pdf
587019,sep 26 12:12,2190-4286-12-49-S1.pdf
514912,sep 26 08:34,2025-2.pdf
21885,sep 26 12:10,24.11.2020 - форма согласия соискателя.docx
1737550,sep 26 12:31,24n.pdf
3390484,sep 26 12:12,2190-4286-12-49.pdf
722970,sep 26 11:22,27.04.04.pdf
619950,sep 26 10:26,216e9fc932f0a2027c207d9b1bb2e0cd.pdf
503080,sep 26 11:22,38.04.03.pdf
667264,sep 26 11:22,38.04.08.pdf
544475,sep 26 11:25,4.1.3.pdf
550781,sep 26 11:23,43.04.02.pdf
319659,sep 26 11:23,41.04.04.pdf
4669129,sep 26 12:06,2n8uitfe0x.pdf
190258,sep 26 11:23,43.04.01_programm_mag_2025.pdf
456553,sep 26 11:23,44.04.01_177.pdf
805975,sep 26 11:23,44.04.01_innov.pdf
384632,sep 26 11:23,44.04.01_ist.pdf
1029555,sep 26 11:23,44.04.01_rukov.pdf
1071010,sep 26 12:09,22nssvm5rk9x2ss9h33xq5h9ckbae1gd.pdf
1159605,sep 26 11:23,44.04.01_ped_nach.pdf
988834,sep 26 11:23,44.04.01_nast.pdf
794524,sep 26 11:23,44.04.01_spanish.pdf
1007378,sep 26 14:56,49.pdf
620215,sep 26 11:24,44.04.02.pdf
654644,sep 26 11:24,49.04.03.pdf
759607,sep 26 11:24,44.04.03.pdf
367896,sep 26 11:25,5.1.4.pdf
393305,sep 26 09:47,49PSMN519.pdf
430627,sep 26 11:25,5.2.4_org.pdf
753086,sep 26 11:25,5.2.3.pdf
558090,sep 26 10:26,4a2be25626609e594edc147261ef747d.pdf
253181,sep 26 11:26,5.10.1.pdf
719101,sep 26 15:36,49.03.02.pdf
416687,sep 26 11:26,5.12.1.pdf
886256,sep 26 11:25,5.3.1.pdf
747482,sep 26 11:25,5.3.2.pdf
260387,sep 26 11:25,5.7.2.pdf
261134,sep 26 11:25,5.7.8.pdf
260496,sep 26 11:25,5.7.7.pdf
596664,sep 26 12:31,51n.pdf
349449,sep 26 11:26,5.9.6_en.pdf
381464,sep 26 11:24,51.04.01.pdf
270489,sep 26 11:26,5.9.6_sp.pdf
728893,sep 26 11:25,5.8.1.pdf
184906,sep 26 11:25,5.8.pdf
1571436,sep 26 12:31,66n.pdf
15091,sep 26 15:02,63_ffa6_7.Gizlilik%20ve%20%C3%87erez%20Politikas%C4%B1_4064465.docx
720546,sep 26 11:25,5.8.2.pdf
1764851,sep 26 12:31,766.pdf
75847,sep 26 12:09,7l786rg9llt2odfq9u9zmrwunkk3k3q7.pdf
1014340,sep 26 11:24,54.04.02.pdf
105139,sep 26 12:09,9ld9ylp04noekda30doh1pe1qjxt7md9.pdf
416738,sep 26 14:51,AIC-DSU_CONTENT.pdf
534134,sep 26 10:26,82174ac3fa46f97441160bfa3b5fef76.pdf
532230,sep 26 11:40,Announcement-on-the-Opening-Day-of-the-INEP-SFU-on-March-30-2024.pdf
143197,sep 26 14:51,AC_11082025.pdf
130875,sep 26 14:33,Area%20studies%20and%20tourist%20destinations.pdf
200635,sep 26 12:52,Aula_Hispanica_vesna_2018.pdf
1322584,sep 26 14:54,AICTE_2025.pdf
251199,sep 26 12:52,Aula_Hispanica_rus_2015.pdf
3329529,sep 26 14:58,AI-SANA_2603.pdf
683914,sep 26 14:18,8. Индексация Расп РФ.pdf
1753559,sep 26 14:55,BCom_Brochure.pdf
7551547,sep 26 14:05,samoobsled_2024.pdf
2080985,sep 26 14:55,BCA_brochure_2025.pdf
249979,sep 26 12:56,CNO_AULA_Hispanica.pdf
3565540,sep 26 15:02,2024%20Y%C4%B1l%C4%B1%20%C4%B0dare%20Faaliyet%20Raporu.pdf
295289,sep 26 12:00,Call-for-papers_2024.pdf
1119522,sep 26 14:57,BGP.pdf
502943,sep 26 16:27,CT_RB_2025.pdf
138963,sep 26 12:01,ConfPABCProgram_2023.pdf
313219,sep 26 12:55,CartaInformativaCongreso2025_ru.pdf
138672,sep 26 14:32,Course%20Syllabus%20(Pedagogical%20Theory%20and%20Conceptions).pdf
126569,sep 26 14:32,Course%20Syllabus%20(Preparation%20of%20Scientific%20Publications).pdf
109786,sep 26 14:32,Course%20Syllabus%20(General%20Pedagogy).pdf
22298,sep 26 12:55,Congreso_Anexos_rus_2025.docx
136864,sep 26 14:33,Course%20syllabus%20%20MATHEMATICAL%20MODELS%20OF%20PROCESS%20AND%20SYSTEMS.pdf
130715,sep 26 14:33,Course%20syllabus%20ADVANCED%20PROBLEMS%20OF%20MATHEMATICAL%20PHYSICS.pdf
3528415,sep 26 14:55,BA_JMC_brochure_2025.pdf
84035,sep 26 14:33,Course%20syllabus%20MODERN%20Computer%20Technologies%202022.pdf
56758,sep 26 14:32,Course%20syllabus%20sample_Ecology%20of%20the%20city.pdf
137538,sep 26 14:33,Course%20syllabus%20Sociology%20of%20the%20Internet.pdf
107038,sep 26 14:32,Course%20syllabus%20sample_Urban%20design%20project%205.%20Designing%20an%20environment%20based%20on%20the%20concept%20of%20identity.pdf
106679,sep 26 14:32,Course%20syllabus%20sample_Urban%20development.pdf
76033,sep 26 14:33,Course%20syllabus_Religions%20%20.pdf
1555705,sep 26 14:55,BSc_MSc_Basic_Science_brochure_2025.pdf
160002,sep 26 14:33,Entrepreneurship%20in%20Hospitality.pdf
137560,sep 26 14:33,Ecology%20of%20the%20city.pdf
77247,sep 26 14:33,Excursion%20business.pdf
104084,sep 26 14:39,HiTech_Vitoshko.pdf
556606,sep 26 12:00,Informatsionnoe-pismo_2024.pdf
988139,sep 26 14:55,DSU_Main_Campus_Programs_2025.pdf
76662,sep 26 14:39,Integrated Marine Research Center.pdf
946687,sep 26 09:56,IVD_2__1_Gorgorova.pdf_0704d8bae0.pdf
1803942,sep 26 12:55,Instr_test_2024.pdf
2557328,sep 26 15:42,Instr_test_2025.pdf
158082,sep 26 16:28,KCP_asp_2025.pdf
541532,sep 26 10:19,KD_SPA_2023.pdf
268267,sep 26 10:28,KD_014_rus.pdf
1583065,sep 26 14:55,LLM_brochure_2025.pdf
15140664,sep 26 14:39,Highlights 18.pdf
2239231,sep 26 14:55,MCA_brochure_2025.pdf
101286,sep 26 14:39,Nanotechnologies.pdf
82090,sep 26 14:33,New%20managerial%20opportunities%20for%20modern%20organization.pdf
76465,sep 26 14:56,Notification & Invitation - 11th Convocation of Manipal University Jaipur.pdf
1680176,sep 26 14:55,MBA_brochure_2025.pdf
450691,sep 26 12:51,Otchet_2013.pdf
823053,sep 26 14:03,P138_16.05.2023.pdf
7357244,sep 26 14:55,BDesign_brochure.pdf
1011838,sep 26 14:03,P142_22.05.2023.pdf
1142131,sep 26 16:27,ID_2025.pdf
668101,sep 26 12:51,Otchet_nauka_2016.pdf
443887,sep 26 16:28,P201-OD.pdf
226617,sep 26 12:51,Planes2015_anodual_rus.pdf
4321600,sep 26 11:47,Media-Kit_KG_2020.pdf
237856,sep 26 15:01,Politika_privatnosti_UB.pdf
355985,sep 26 12:51,Planes2016_rus.pdf
5591003,sep 26 14:55,BSC_DS_2025.pdf
407011,sep 26 13:52,Protokol_0.pdf
168903,sep 26 13:52,Protokol_1.pdf
466614,sep 26 13:52,Protokol N3 2022.pdf
245496,sep 26 13:52,Protokol_04_02_2021.pdf
611632,sep 26 15:00,Raport_comisia_etica.pdf
2554237,sep 26 15:00,Progress%20report%20on%20the%20implementation%20of%20the%20Excellence%20Initiative%20-%20Research%20University%20by%20TUL.pdf
2296922,sep 26 14:55,SoL_Brochure.pdf
636713,sep 26 12:55,Spanish%20course%20B.pdf
623006,sep 26 12:55,Spanish%20course%20A.pdf
1618737,sep 26 14:19,P982.pdf
20235761,sep 26 14:57,PCTE-2025.pdf
105638,sep 26 14:39,TsKP_Biotekhnologia_biomeditsina_i_ekologicheskiy_monitoring_Babeshko.pdf
407065,sep 26 14:54,Telephone_Directory1.pdf
9353686,sep 26 12:55,Sobre_nosotros_2025_compressed.pdf
3058349,sep 26 14:49,UKS_Campus_Map_English.pdf
156651,sep 26 12:31,Ukaz Prezidenta 378.pdf
23842587,sep 26 14:51,SELF_PORTRAIT_english_2025_ONLINE%20%281%29.pdf
74690,sep 26 09:44,annot_spec.pdf
926022,sep 26 11:20,Sootv_mag_2025.pdf
1973869,sep 26 14:55,aerospace_engg_2025.pdf
1951481,apr 29 03:54,PravilaPriema_2025_VO_izm_24.01.2025.pdf
19655,sep 26 16:27,bez_vi_bak.docx
276819,sep 26 11:21,besp_s.pdf
696914,sep 26 15:02,ayd%C4%B1nlatma%20metni%20-%20Copy%202.pdf
1336700,sep 26 11:23,bio_him_obr.pdf
311824,sep 26 15:12,ar_1.pdf
252912,sep 26 11:21,bezop_komp.pdf
1683064,sep 26 12:31,Ukaz Prezidenta 478_16.08.21.pdf
1251076,sep 26 14:55,bpt_2025.pdf
9564735,sep 26 15:01,Raport_2024_EN.pdf
743305,sep 26 15:41,diz_komp.pdf
401292,sep 26 10:26,d1e7a0684a9e51c599fb223264e96189.pdf
888930,sep 26 14:55,bsc_msc_nursing_2025.pdf
490887,sep 26 10:27,c50dea3311d9c12cf6e941d47f574300.pdf
1531454,sep 26 14:55,bpharma_2025.pdf
354542,sep 26 11:23,eko_geo.pdf
87978,sep 26 12:56,emir-frandt-disclosure.pdf
394254,sep 26 15:15,ekol_prirod.pdf
99791,sep 26 12:56,emir-frandt-request-for-proposal.pdf
102397,sep 26 12:09,f1m24swvehna3obtnn9xofw2bff4emsq.pdf
883230,sep 26 10:27,e341c346955f24a09fba0a84d37a870a.pdf
562649,sep 26 15:45,fis_podg_ino.pdf
289054,sep 26 11:21,fin_teh.pdf
3681893,sep 26 14:55,allied_health_sciences_2025.pdf
383651,sep 26 14:07,chislen0603.pdf
153775,sep 26 12:51,formulario_inscripcion_dele_2022.pdf
528897,sep 26 10:27,fb66cb01477a968bfe786611fb0eea9b.pdf
282136,sep 26 11:21,geo_inf.pdf
369001,sep 26 15:39,geo.pdf
422415,sep 26 15:42,gl_VII_exam_P120-OD_reglament_PK.pdf
369691,sep 26 15:47,geo_ino.pdf
729440,sep 26 15:31,fk.pdf
1505146,sep 26 15:01,gender_equality_plan.pdf
446501,sep 26 13:58,google_terms_of_service_en_eu.pdf
458718,sep 26 14:33,google_terms_of_service_nl_eu.pdf
1360032,sep 26 15:39,inf_teh.pdf
89736,sep 26 10:28,izveshenie-015.pdf
278145,sep 26 11:21,isk_int.pdf
552701,sep 26 15:41,ist_isk.pdf
396318,sep 26 16:27,kol_vo_m.pdf
530203,sep 26 15:15,ist_arh.pdf
405002,sep 26 15:42,kol_vo_m_ino_dop.pdf
5087209,sep 26 14:55,ece_2025.pdf
370318,sep 26 15:48,lit_ino.pdf
979975,sep 26 11:29,mag_lk_2025.pdf
570149,sep 26 15:46,m_lit.pdf
313577,sep 26 15:14,meteorolog.pdf
1536879,sep 26 14:55,mpt_2025.pdf
761153,sep 26 16:27,metod_r.pdf
617249,sep 26 14:58,ni_grant.pdf
701917,sep 26 15:40,osn_alg.pdf
514541,sep 26 15:32,osn_bio.pdf
690810,sep 26 15:40,osn_el.pdf
600615,sep 26 15:29,osn_turism.pdf
196197,sep 26 15:29,osn_serv.pdf
671798,sep 26 15:34,osn_soc_ped.pdf
1680401,sep 26 14:55,mtech_2025.pdf
426292,sep 26 11:23,ped_d.pdf
536186,sep 26 14:07,p805_2021.pdf
15426,sep 26 16:27,perezachet.docx
5142382,sep 26 14:55,mechanical_engg_2025.pdf
581043,sep 26 15:33,ped_doshk.pdf
215469,sep 26 14:21,pfhd_2024.pdf
275214,sep 26 14:42,plan-meropriyatij-bgtu-k-80-letiyu-osvobozhdeniya.pdf
216205,sep 26 14:21,pfhd_2024_01.pdf
195486,sep 26 16:28,poriadok_otbora.pdf
336913,sep 26 11:50,politika-obrabotki-dannyh-tassru.docx
100787,sep 26 11:48,price-2025.pdf
603173,sep 26 12:55,polozhenie_o_thesis_2024.pdf
433000,sep 26 14:42,pravila-vnutrennego-trudovogo-rasporyadka-bgtu.pdf
2207984,sep 26 12:31,prikaz_N_1010_1_ot_20.11.2018_.pdf
139261,sep 26 13:52,protokol_21.pdf
654905,sep 26 13:52,protokol.pdf
360471,sep 26 12:32,requisites.pdf
241783,sep 26 12:30,rasp504_20130930.pdf
735008,sep 26 15:41,ris.pdf
629001,apr 29 03:54,pp-bsm.pdf
1099930,sep 26 15:48,ris_zhiv.pdf
13599,sep 26 14:59,spisok_shablon.docx
395975,sep 26 15:48,ry_ino.pdf
94444,sep 26 14:22,sved_dohod_2023.pdf
1343927,sep 26 15:21,spec_him.pdf
12652,sep 26 14:22,sved_o_d_f_k_2014.docx
80443,sep 26 12:09,ujj532ypug9ufeambtzkzh6kfdqoa6yp.pdf
17641,sep 26 11:24,vi_asp.docx
770454,sep 26 12:33,processing__agreement.pdf
1859823,sep 26 14:04,standing order about Scientific research institute  of Physics.pdf
18120,sep 26 11:20,vi_mag.docx
266078,sep 26 11:22,upr_kiber.pdf
10790,sep 26 14:59,zayv_shablon.docx
959996,sep 26 15:45,zhiv_cher.pdf
275201,sep 26 11:21,web_pril.pdf
292997,sep 26 11:29,soglasie_leadplan.pdf
4660507,sep 26 09:57,mc201205.pdf
1026771,sep 26 14:25,Координаты для связи с профильными структурными подразделениями_3.pdf
221952,sep 26 12:10,П1438.pdf
737960,sep 26 12:10,П1888-2.pdf
530627,sep 26 12:10,П2274 АБИМ.pdf
824845,sep 26 14:25,П114-ОД.pdf
409537,sep 26 16:19,П71-ОД_37.04.01 Психология.pdf
321726,sep 26 08:34,ПРАВИЛА%20ПОСЕЩЕНИЯ%20ООПТ%20ФЕДЕРАЛЬНОГО%20ЗНАЧЕНИЯ%20(2).pdf
260041,sep 26 14:04,П47-ОД_МИМДО_03.03.2022.pdf
4615752,sep 26 12:20,social2024.pdf
331544,sep 26 16:19,П70-ОД_37.03.01 Психология.pdf
418601,sep 26 16:28,Приказ 391.pdf
3523790,sep 26 12:20,social2023.pdf
61079,sep 26 15:56,Приказ ФСТЭК России от 30.10.2018 N 193.docx
109170,sep 26 15:11,Реестровая выписка ГА 25.02.25_СПО.pdf
14683,sep 26 09:34,Согласие законного представителя на заключение договора.docx
15019,sep 26 09:34,Согласие законного представителя.docx
356159,sep 26 08:34,режим%20работы%20и%20прейскурант-.pdf
1907115,sep 26 15:55,патентов и ПЭВМ - ЮФУ.pdf
